"DisplayName","EmailAddress","Password"
"Madeline Smith","madeline@chargemyemailgroup.com","Wjo46539"
"Madeline Smith","smith@chargemyemailgroup.com","Fnd94217"
"Madeline Smith","madelinesmith@chargemyemailgroup.com","Lsm79164"
"Madeline Smith","madeline.smith@chargemyemailgroup.com","Cuh75013"
"Madeline Smith","msmith@chargemyemailgroup.com","Fks20314"
"Madeline Smith","m.smith@chargemyemailgroup.com","Wny56439"
"Madeline Smith","madelines@chargemyemailgroup.com","Xhc94312"
"Madeline Smith","madeline.s@chargemyemailgroup.com","Iup81574"
"Madeline Smith","ms@chargemyemailgroup.com","Vqu96048"
"Madeline Smith","m.s@chargemyemailgroup.com","Wua74305"
"Madeline Smith","smithmadeline@chargemyemailgroup.com","Vpa12034"
"Madeline Smith","smith.madeline@chargemyemailgroup.com","Riz23956"
"Madeline Smith","smithm@chargemyemailgroup.com","Yhb85971"
"Madeline Smith","smith.m@chargemyemailgroup.com","Kel52183"
"Madeline Smith","smadeline@chargemyemailgroup.com","Kyt30697"
"Madeline Smith","s.madeline@chargemyemailgroup.com","Mvl29756"
"Madeline Smith","sm@chargemyemailgroup.com","Dxh28041"
"Madeline Smith","s.m@chargemyemailgroup.com","Hgc17620"
"Madeline Smith","madeline-smith@chargemyemailgroup.com","Zvt90678"
"Alexandra Wilson","alexandra@chargemyemailgroup.com","Ite82530"
"Alexandra Wilson","wilson@chargemyemailgroup.com","Bvd58126"
"Alexandra Wilson","alexandrawilson@chargemyemailgroup.com","Alz47569"
"Alexandra Wilson","alexandra.wilson@chargemyemailgroup.com","Ogu89076"
"Alexandra Wilson","awilson@chargemyemailgroup.com","Loy86513"
"Alexandra Wilson","a.wilson@chargemyemailgroup.com","Jlt27061"
"Alexandra Wilson","alexandraw@chargemyemailgroup.com","Tsf94528"
"Alexandra Wilson","alexandra.w@chargemyemailgroup.com","Msj70519"
"Alexandra Wilson","aw@chargemyemailgroup.com","Bnc16908"
"Alexandra Wilson","a.w@chargemyemailgroup.com","Jhv63902"
"Alexandra Wilson","wilsonalexandra@chargemyemailgroup.com","Hex67430"
"Alexandra Wilson","wilson.alexandra@chargemyemailgroup.com","Ebw48209"
"Alexandra Wilson","wilsona@chargemyemailgroup.com","Ifz10783"
"Alexandra Wilson","wilson.a@chargemyemailgroup.com","Nvy27415"
"Alexandra Wilson","walexandra@chargemyemailgroup.com","Htk93701"
"Alexandra Wilson","w.alexandra@chargemyemailgroup.com","Atn86235"
"Alexandra Wilson","wa@chargemyemailgroup.com","Pgv65279"
"Alexandra Wilson","w.a@chargemyemailgroup.com","Yec74591"
"Alexandra Wilson","alexandra-wilson@chargemyemailgroup.com","Jzq85469"
"Alexandra Wilson","a-wilson@chargemyemailgroup.com","Lxp42378"
"Ariel Murphy","ariel@chargemyemailgroup.com","Dih46810"
"Ariel Murphy","murphy@chargemyemailgroup.com","Meo52630"
"Ariel Murphy","arielmurphy@chargemyemailgroup.com","Dav79310"
"Ariel Murphy","ariel.murphy@chargemyemailgroup.com","Fjk51683"
"Ariel Murphy","amurphy@chargemyemailgroup.com","Vld23651"
"Ariel Murphy","a.murphy@chargemyemailgroup.com","Fvo04879"
"Ariel Murphy","arielm@chargemyemailgroup.com","Hwk61930"
"Ariel Murphy","ariel.m@chargemyemailgroup.com","Qem71084"
"Ariel Murphy","am@chargemyemailgroup.com","Rkf64081"
"Ariel Murphy","a.m@chargemyemailgroup.com","Voe27934"
"Ariel Murphy","murphyariel@chargemyemailgroup.com","Tke69751"
"Ariel Murphy","murphy.ariel@chargemyemailgroup.com","Khf83514"
"Ariel Murphy","murphya@chargemyemailgroup.com","Wlc31864"
"Ariel Murphy","murphy.a@chargemyemailgroup.com","Rkm65239"
"Ariel Murphy","mariel@chargemyemailgroup.com","Vsy37892"
"Ariel Murphy","m.ariel@chargemyemailgroup.com","Mez95284"
"Ariel Murphy","ma@chargemyemailgroup.com","Nfx20931"
"Ariel Murphy","m.a@chargemyemailgroup.com","Gat79821"
"Ariel Murphy","ariel-murphy@chargemyemailgroup.com","Zqs53678"
"Ariel Murphy","a-murphy@chargemyemailgroup.com","Pxr58916"
"Riley Brown","riley@chargemyemailgroup.com","Obx42136"
"Riley Brown","brown@chargemyemailgroup.com","Qkz78254"
"Riley Brown","rileybrown@chargemyemailgroup.com","Hsv61284"
"Riley Brown","riley.brown@chargemyemailgroup.com","Vql05128"
"Riley Brown","rbrown@chargemyemailgroup.com","Jub23568"
"Riley Brown","r.brown@chargemyemailgroup.com","Nze84910"
"Riley Brown","rileyb@chargemyemailgroup.com","Uai70351"
"Riley Brown","riley.b@chargemyemailgroup.com","Gli21647"
"Riley Brown","rb@chargemyemailgroup.com","Cax87041"
"Riley Brown","r.b@chargemyemailgroup.com","Lft39701"
"Riley Brown","brownriley@chargemyemailgroup.com","Mht48572"
"Riley Brown","brown.riley@chargemyemailgroup.com","Axd19374"
"Riley Brown","brownr@chargemyemailgroup.com","Nyw71063"
"Riley Brown","brown.r@chargemyemailgroup.com","Bcx07983"
"Riley Brown","briley@chargemyemailgroup.com","Qgv69042"
"Riley Brown","b.riley@chargemyemailgroup.com","Jrd06398"
"Riley Brown","br@chargemyemailgroup.com","Psr42691"
"Riley Brown","b.r@chargemyemailgroup.com","Vjq65420"
"Riley Brown","riley-brown@chargemyemailgroup.com","Neb01493"
"Riley Brown","r-brown@chargemyemailgroup.com","Nrw24089"
"Luna Roberts","luna@chargemyemailgroup.com","Ovn35470"
"Luna Roberts","roberts@chargemyemailgroup.com","Ekq49653"
"Luna Roberts","lunaroberts@chargemyemailgroup.com","Ayu84265"
"Luna Roberts","luna.roberts@chargemyemailgroup.com","Xfe16398"
"Luna Roberts","lroberts@chargemyemailgroup.com","Ahv73068"
"Luna Roberts","l.roberts@chargemyemailgroup.com","Qem03761"
"Luna Roberts","lunar@chargemyemailgroup.com","Dev63487"
"Luna Roberts","luna.r@chargemyemailgroup.com","Qaz90847"
"Luna Roberts","lr@chargemyemailgroup.com","Kqz45803"
"Luna Roberts","l.r@chargemyemailgroup.com","Xqo94601"
"Luna Roberts","robertsluna@chargemyemailgroup.com","Uox38467"
"Luna Roberts","roberts.luna@chargemyemailgroup.com","Hgv69145"
"Luna Roberts","robertsl@chargemyemailgroup.com","Tmo60213"
"Luna Roberts","roberts.l@chargemyemailgroup.com","Pca46078"
"Luna Roberts","rluna@chargemyemailgroup.com","Faj20718"
"Luna Roberts","r.luna@chargemyemailgroup.com","Fnz23179"
"Luna Roberts","rl@chargemyemailgroup.com","Wle94681"
"Luna Roberts","r.l@chargemyemailgroup.com","Vae13724"
"Luna Roberts","luna-roberts@chargemyemailgroup.com","Pmb91542"
"Luna Roberts","l-roberts@chargemyemailgroup.com","Rqa04517"
